,Price 0,Price 1,Price 2,Price 3,Price 4,Price 1 From Price 0,Price 2 From Price 0,Price 3 From Price 0,Price 4 From Price 0
0,33.150000000000006,32.917500000000004,32.605000000000004,32.3275,32.2025,-0.2325000000000017,-0.5450000000000017,-0.8225000000000051,-0.9475000000000051
1,32.917500000000004,32.605000000000004,32.3275,32.2025,32.1625,-0.3125,-0.5900000000000034,-0.7150000000000034,-0.7550000000000026
2,32.605000000000004,32.3275,32.2025,32.1625,32.2575,-0.2775000000000034,-0.4025000000000034,-0.44250000000000256,-0.3475000000000037
3,32.3275,32.2025,32.1625,32.2575,32.34,-0.125,-0.16499999999999915,-0.07000000000000028,0.012500000000002842
4,32.2025,32.1625,32.2575,32.34,32.3925,-0.03999999999999915,0.054999999999999716,0.13750000000000284,0.18999999999999773
5,32.1625,32.2575,32.34,32.3925,32.56,0.09499999999999886,0.177500000000002,0.22999999999999687,0.39750000000000085
6,32.2575,32.34,32.3925,32.56,32.4625,0.08250000000000313,0.134999999999998,0.302500000000002,0.2049999999999983
7,32.34,32.3925,32.56,32.4625,32.1725,0.052499999999994884,0.21999999999999886,0.12249999999999517,-0.16750000000000398
8,32.3925,32.56,32.4625,32.1725,31.687500000000004,0.16750000000000398,0.07000000000000028,-0.21999999999999886,-0.7049999999999947
9,32.4625,32.1725,31.687500000000004,31.17,31.255,-0.28999999999999915,-0.774999999999995,-1.2924999999999969,-1.2074999999999996
10,32.1725,31.687500000000004,31.17,31.255,31.832500000000003,-0.4849999999999959,-1.0024999999999977,-0.9175000000000004,-0.3399999999999963
11,31.687500000000004,31.17,31.255,31.832500000000003,32.1075,-0.5175000000000018,-0.43250000000000455,0.14499999999999957,0.41999999999999815
12,31.17,31.255,31.832500000000003,32.1075,31.9,0.0849999999999973,0.6625000000000014,0.9375,0.7299999999999969
13,31.255,31.832500000000003,32.1075,31.9,31.82,0.5775000000000041,0.8525000000000027,0.6449999999999996,0.5650000000000013
14,31.832500000000003,32.1075,31.9,31.82,31.725,0.2749999999999986,0.06749999999999545,-0.012500000000002842,-0.1075000000000017
15,31.9,31.82,31.725,31.5025,31.45,-0.0799999999999983,-0.17499999999999716,-0.3974999999999973,-0.4499999999999993
16,31.82,31.725,31.5025,31.45,31.387500000000003,-0.09499999999999886,-0.317499999999999,-0.370000000000001,-0.43249999999999744
17,31.725,31.5025,31.45,31.387500000000003,31.3775,-0.22250000000000014,-0.27500000000000213,-0.3374999999999986,-0.34750000000000014
18,31.5025,31.45,31.387500000000003,31.3775,31.35,-0.05250000000000199,-0.11499999999999844,-0.125,-0.15249999999999986
19,31.45,31.387500000000003,31.3775,31.35,31.1025,-0.06249999999999645,-0.07249999999999801,-0.09999999999999787,-0.34750000000000014
20,31.387500000000003,31.3775,31.35,31.1025,30.7525,-0.010000000000001563,-0.03750000000000142,-0.2850000000000037,-0.6350000000000016
21,31.3775,31.35,31.1025,30.7525,30.597500000000004,-0.027499999999999858,-0.27500000000000213,-0.625,-0.7799999999999976
22,31.35,31.1025,30.7525,30.597500000000004,30.4875,-0.24750000000000227,-0.5975000000000001,-0.7524999999999977,-0.8625000000000007
23,31.1025,30.7525,30.597500000000004,30.4875,30.3125,-0.34999999999999787,-0.5049999999999955,-0.6149999999999984,-0.7899999999999991
24,30.7525,30.597500000000004,30.4875,30.3125,30.0175,-0.15499999999999758,-0.26500000000000057,-0.4400000000000013,-0.735000000000003
25,30.597500000000004,30.4875,30.3125,30.0175,29.867500000000003,-0.11000000000000298,-0.2850000000000037,-0.5800000000000054,-0.7300000000000004
26,30.4875,30.3125,30.0175,29.867500000000003,29.85,-0.1750000000000007,-0.4700000000000024,-0.6199999999999974,-0.6374999999999993
27,30.3125,30.0175,29.867500000000003,29.85,30.2175,-0.2950000000000017,-0.44499999999999673,-0.4624999999999986,-0.09499999999999886
28,30.0175,29.867500000000003,29.85,30.2175,30.545,-0.14999999999999503,-0.16749999999999687,0.20000000000000284,0.5275000000000034
29,29.867500000000003,29.85,30.2175,30.545,30.7275,-0.017500000000001847,0.34999999999999787,0.6774999999999984,0.8599999999999959
30,29.85,30.2175,30.545,30.7275,30.5325,0.3674999999999997,0.6950000000000003,0.8774999999999977,0.6824999999999974
31,30.2175,30.545,30.7275,30.5325,30.4325,0.32750000000000057,0.509999999999998,0.3149999999999977,0.21499999999999986
32,30.4325,30.5075,30.455,30.57,30.8525,0.07499999999999929,0.0224999999999973,0.1374999999999993,0.41999999999999815
33,30.5075,30.455,30.57,30.8525,30.9475,-0.05250000000000199,0.0625,0.34499999999999886,0.4400000000000013
34,30.455,30.57,30.8525,30.9475,31.035,0.11500000000000199,0.39750000000000085,0.49250000000000327,0.5800000000000018
35,31.582500000000003,31.6025,31.5725,31.5075,31.380000000000003,0.01999999999999602,-0.010000000000001563,-0.07500000000000284,-0.20250000000000057
36,31.5725,31.5075,31.380000000000003,31.3875,31.4075,-0.06500000000000128,-0.192499999999999,-0.18500000000000227,-0.1650000000000027
37,31.5075,31.380000000000003,31.3875,31.4075,31.395000000000003,-0.12749999999999773,-0.120000000000001,-0.10000000000000142,-0.11249999999999716
38,31.380000000000003,31.3875,31.4075,31.395000000000003,31.442500000000003,0.0074999999999967315,0.027499999999996305,0.015000000000000568,0.0625
39,31.3875,31.4075,31.395000000000003,31.442500000000003,31.4375,0.019999999999999574,0.007500000000003837,0.05500000000000327,0.05000000000000071
40,31.4075,31.395000000000003,31.442500000000003,31.4375,31.4275,-0.012499999999995737,0.035000000000003695,0.030000000000001137,0.019999999999999574
41,31.395000000000003,31.442500000000003,31.4375,31.4275,31.445,0.04749999999999943,0.042499999999996874,0.03249999999999531,0.04999999999999716
42,31.442500000000003,31.4375,31.4275,31.445,31.5525,-0.005000000000002558,-0.015000000000004121,0.0024999999999977263,0.10999999999999588
43,31.4375,31.4275,31.445,31.5525,31.637500000000003,-0.010000000000001563,0.007500000000000284,0.11499999999999844,0.20000000000000284
44,31.4275,31.445,31.5525,31.637500000000003,31.81,0.017500000000001847,0.125,0.2100000000000044,0.3825000000000003
45,31.445,31.5525,31.637500000000003,31.81,31.89,0.10749999999999815,0.19250000000000256,0.36499999999999844,0.4450000000000003
46,31.602500000000003,31.355,31.385,31.34,31.24,-0.24750000000000227,-0.21750000000000114,-0.26250000000000284,-0.36250000000000426
47,31.355,31.385,31.34,31.24,31.2275,0.030000000000001137,-0.015000000000000568,-0.11500000000000199,-0.12750000000000128
48,31.385,31.34,31.24,31.2275,31.17,-0.045000000000001705,-0.14500000000000313,-0.15750000000000242,-0.21499999999999986
49,31.34,31.24,31.2275,31.17,31.040000000000003,-0.10000000000000142,-0.11250000000000071,-0.16999999999999815,-0.29999999999999716
50,31.24,31.2275,31.17,31.040000000000003,31.0,-0.01249999999999929,-0.06999999999999673,-0.19999999999999574,-0.23999999999999844
51,31.2275,31.17,31.040000000000003,31.0,31.0925,-0.05749999999999744,-0.18749999999999645,-0.22749999999999915,-0.134999999999998
52,31.17,31.040000000000003,31.0,31.0925,31.1,-0.129999999999999,-0.1700000000000017,-0.07750000000000057,-0.07000000000000028
53,31.040000000000003,31.0,31.0925,31.1,31.1075,-0.0400000000000027,0.05249999999999844,0.05999999999999872,0.067499999999999
54,31.0,31.0925,31.1,31.1075,31.14,0.09250000000000114,0.10000000000000142,0.1075000000000017,0.14000000000000057
55,31.0925,31.1,31.1075,31.14,31.0725,0.007500000000000284,0.015000000000000568,0.04749999999999943,-0.019999999999999574
56,31.1,31.1075,31.14,31.0725,31.04,0.007500000000000284,0.03999999999999915,-0.027499999999999858,-0.060000000000002274
57,31.1075,31.14,31.0725,31.04,31.0225,0.03249999999999886,-0.03500000000000014,-0.06750000000000256,-0.08500000000000085
58,31.14,31.0725,31.04,31.0225,31.035,-0.067499999999999,-0.10000000000000142,-0.11749999999999972,-0.10500000000000043
59,31.0725,31.04,31.0225,31.035,31.03,-0.032500000000002416,-0.05000000000000071,-0.03750000000000142,-0.042500000000000426
60,31.04,31.0225,31.035,31.03,30.915,-0.017499999999998295,-0.004999999999999005,-0.00999999999999801,-0.125
61,31.0225,31.035,31.03,30.915,30.805,0.01249999999999929,0.007500000000000284,-0.1075000000000017,-0.21750000000000114
62,31.035,31.03,30.915,30.805,30.66,-0.004999999999999005,-0.120000000000001,-0.23000000000000043,-0.375
63,31.03,30.915,30.805,30.66,30.6425,-0.11500000000000199,-0.22500000000000142,-0.370000000000001,-0.38750000000000284
64,30.915,30.805,30.66,30.6425,30.700000000000003,-0.10999999999999943,-0.254999999999999,-0.27250000000000085,-0.2149999999999963
65,30.805,30.66,30.6425,30.700000000000003,30.6825,-0.14499999999999957,-0.16250000000000142,-0.10499999999999687,-0.12249999999999872
66,30.66,30.6425,30.700000000000003,30.6825,30.7075,-0.017500000000001847,0.0400000000000027,0.022500000000000853,0.04749999999999943
67,30.6425,30.700000000000003,30.6825,30.7075,30.705,0.05750000000000455,0.0400000000000027,0.06500000000000128,0.0625
68,30.700000000000003,30.6825,30.7075,30.705,30.695,-0.017500000000001847,0.0074999999999967315,0.0049999999999954525,-0.005000000000002558
69,30.6825,30.7075,30.705,30.695,30.6275,0.02499999999999858,0.0224999999999973,0.01249999999999929,-0.054999999999999716
70,30.7075,30.705,30.695,30.6275,30.5625,-0.002500000000001279,-0.01249999999999929,-0.0799999999999983,-0.14499999999999957
71,30.705,30.695,30.6275,30.5625,30.5325,-0.00999999999999801,-0.07749999999999702,-0.1424999999999983,-0.17249999999999943
72,30.695,30.6275,30.5625,30.5325,30.2925,-0.067499999999999,-0.13250000000000028,-0.16250000000000142,-0.40249999999999986
73,30.6275,30.5625,30.5325,30.2925,30.0825,-0.06500000000000128,-0.09500000000000242,-0.33500000000000085,-0.5450000000000017
74,30.5625,30.5325,30.2925,30.0825,30.1,-0.030000000000001137,-0.2699999999999996,-0.4800000000000004,-0.4624999999999986
75,30.5325,30.2925,30.0825,30.1,29.74,-0.23999999999999844,-0.4499999999999993,-0.43249999999999744,-0.7925000000000004
76,30.2925,30.0825,30.1,29.74,29.4575,-0.21000000000000085,-0.192499999999999,-0.552500000000002,-0.8350000000000009
77,30.0825,30.1,29.74,29.4575,29.2025,0.017500000000001847,-0.34250000000000114,-0.625,-0.879999999999999
78,30.1,29.74,29.4575,29.2025,29.1825,-0.360000000000003,-0.6425000000000018,-0.8975000000000009,-0.9175000000000004
79,29.74,29.4575,29.2025,29.1825,29.0625,-0.28249999999999886,-0.5374999999999979,-0.5574999999999974,-0.6774999999999984
80,29.4575,29.2025,29.1825,29.0625,29.095,-0.254999999999999,-0.2749999999999986,-0.3949999999999996,-0.3625000000000007
81,29.2025,29.1825,29.0625,29.095,29.18,-0.019999999999999574,-0.14000000000000057,-0.1075000000000017,-0.022500000000000853
82,29.1825,29.0625,29.095,29.18,29.2625,-0.120000000000001,-0.08750000000000213,-0.002500000000001279,0.0799999999999983
83,29.0625,29.095,29.18,29.2625,29.3925,0.03249999999999886,0.11749999999999972,0.1999999999999993,0.3299999999999983
84,29.095,29.18,29.2625,29.3925,29.4325,0.08500000000000085,0.16750000000000043,0.29749999999999943,0.33750000000000213
85,29.18,29.2625,29.3925,29.4325,29.3275,0.08249999999999957,0.21249999999999858,0.2525000000000013,0.14750000000000085
86,29.2625,29.3925,29.4325,29.3275,29.02,0.129999999999999,0.1700000000000017,0.06500000000000128,-0.24249999999999972
87,29.3925,29.4325,29.3275,29.02,28.7175,0.0400000000000027,-0.06499999999999773,-0.3724999999999987,-0.6749999999999972
88,29.4325,29.3275,29.02,28.7175,28.48,-0.10500000000000043,-0.4125000000000014,-0.7149999999999999,-0.9525000000000006
89,29.3275,29.02,28.7175,28.48,28.355,-0.307500000000001,-0.6099999999999994,-0.8475000000000001,-0.9725000000000001
90,29.02,28.7175,28.48,28.355,28.71,-0.30249999999999844,-0.5399999999999991,-0.6649999999999991,-0.3099999999999987
91,28.7175,28.48,28.355,28.71,29.045,-0.2375000000000007,-0.3625000000000007,-0.007500000000000284,0.32750000000000057
92,28.48,28.355,28.71,29.045,29.222500000000004,-0.125,0.23000000000000043,0.5650000000000013,0.7425000000000033
93,28.355,28.71,29.045,29.222500000000004,29.1725,0.3550000000000004,0.6900000000000013,0.8675000000000033,0.817499999999999
94,28.71,29.045,29.222500000000004,29.1725,29.125,0.33500000000000085,0.5125000000000028,0.4624999999999986,0.41499999999999915
95,29.04,28.91,29.0025,28.85,28.64,-0.129999999999999,-0.03749999999999787,-0.18999999999999773,-0.3999999999999986
96,28.91,29.0025,28.85,28.64,28.6875,0.09250000000000114,-0.05999999999999872,-0.2699999999999996,-0.22250000000000014
97,29.0025,28.85,28.64,28.6875,28.5175,-0.15249999999999986,-0.3625000000000007,-0.3150000000000013,-0.485000000000003
98,28.85,28.64,28.6875,28.5175,28.155,-0.21000000000000085,-0.16250000000000142,-0.3325000000000031,-0.6950000000000003
99,28.64,28.6875,28.5175,28.155,27.905,0.04749999999999943,-0.12250000000000227,-0.48499999999999943,-0.7349999999999994
100,28.6875,28.5175,28.155,27.905,27.8625,-0.1700000000000017,-0.5324999999999989,-0.7824999999999989,-0.8249999999999993
101,28.5175,28.155,27.905,27.8625,27.3875,-0.36249999999999716,-0.6124999999999972,-0.6549999999999976,-1.129999999999999
102,28.155,27.905,27.8625,27.3875,27.0625,-0.25,-0.2925000000000004,-0.7675000000000018,-1.0925000000000011
103,27.905,27.8625,27.3875,27.0625,27.07,-0.042500000000000426,-0.5175000000000018,-0.8425000000000011,-0.8350000000000009
104,27.8625,27.3875,27.0625,27.07,26.54,-0.4750000000000014,-0.8000000000000007,-0.7925000000000004,-1.3225000000000016
105,27.3875,27.0625,27.07,26.54,26.5275,-0.3249999999999993,-0.317499999999999,-0.8475000000000001,-0.8599999999999994
106,27.0625,27.07,26.54,26.5275,26.6875,0.007500000000000284,-0.5225000000000009,-0.5350000000000001,-0.375
107,27.07,26.54,26.5275,26.6875,26.5325,-0.5300000000000011,-0.5425000000000004,-0.3825000000000003,-0.5375000000000014
108,26.54,26.5275,26.6875,26.5325,26.3025,-0.01249999999999929,0.14750000000000085,-0.007500000000000284,-0.2375000000000007
109,26.5275,26.6875,26.5325,26.3025,26.2,0.16000000000000014,0.004999999999999005,-0.22500000000000142,-0.32750000000000057
110,26.6875,26.5325,26.3025,26.2,26.1925,-0.15500000000000114,-0.38500000000000156,-0.4875000000000007,-0.495000000000001
111,26.5325,26.3025,26.2,26.1925,26.457500000000003,-0.23000000000000043,-0.3324999999999996,-0.33999999999999986,-0.07499999999999574
112,26.3025,26.2,26.1925,26.457500000000003,26.3575,-0.10249999999999915,-0.10999999999999943,0.1550000000000047,0.05500000000000327
113,26.2,26.1925,26.457500000000003,26.3575,25.880000000000003,-0.007500000000000284,0.25750000000000384,0.15750000000000242,-0.31999999999999673
114,26.1925,26.457500000000003,26.3575,25.880000000000003,25.83,0.2650000000000041,0.1650000000000027,-0.31249999999999645,-0.3625000000000007
115,26.457500000000003,26.3575,25.880000000000003,25.83,26.08,-0.10000000000000142,-0.5775000000000006,-0.6275000000000048,-0.37750000000000483
116,26.3575,25.880000000000003,25.83,26.08,25.94,-0.47749999999999915,-0.5275000000000034,-0.2775000000000034,-0.4175000000000004
117,25.880000000000003,25.83,26.08,25.94,25.865,-0.05000000000000426,0.19999999999999574,0.05999999999999872,-0.015000000000004121
118,25.83,26.08,25.94,25.865,25.625,0.25,0.11000000000000298,0.03500000000000014,-0.2049999999999983
119,26.08,25.94,25.865,25.625,25.395000000000003,-0.13999999999999702,-0.21499999999999986,-0.4549999999999983,-0.6849999999999952
120,25.94,25.865,25.625,25.395000000000003,25.58,-0.07500000000000284,-0.3150000000000013,-0.5449999999999982,-0.360000000000003
121,25.865,25.625,25.395000000000003,25.58,25.630000000000003,-0.23999999999999844,-0.4699999999999953,-0.28500000000000014,-0.23499999999999588
122,25.625,25.395000000000003,25.58,25.630000000000003,25.5375,-0.22999999999999687,-0.045000000000001705,0.005000000000002558,-0.08749999999999858
123,25.395000000000003,25.58,25.630000000000003,25.5375,25.442500000000003,0.18499999999999517,0.23499999999999943,0.1424999999999983,0.04749999999999943
124,25.58,25.630000000000003,25.5375,25.442500000000003,25.2325,0.05000000000000426,-0.042499999999996874,-0.13749999999999574,-0.3474999999999966
125,25.630000000000003,25.5375,25.442500000000003,25.2325,24.4925,-0.09250000000000114,-0.1875,-0.39750000000000085,-1.1375000000000028
126,25.5375,25.442500000000003,25.2325,24.4925,24.0725,-0.09499999999999886,-0.3049999999999997,-1.0450000000000017,-1.4649999999999999
127,25.442500000000003,25.2325,24.4925,24.0725,24.2525,-0.21000000000000085,-0.9500000000000028,-1.370000000000001,-1.1900000000000013
128,25.2325,24.4925,24.0725,24.2525,23.2525,-0.740000000000002,-1.1600000000000001,-0.9800000000000004,-1.9800000000000004
129,24.4925,24.0725,24.2525,23.2525,21.87,-0.41999999999999815,-0.23999999999999844,-1.2399999999999984,-2.6224999999999987
130,24.0725,24.2525,23.2525,21.87,20.3475,0.17999999999999972,-0.8200000000000003,-2.2025000000000006,-3.7250000000000014
131,24.2525,23.2525,21.87,20.3475,20.7575,-1.0,-2.3825000000000003,-3.905000000000001,-3.495000000000001
132,23.2525,21.87,20.3475,20.7575,21.6875,-1.3825000000000003,-2.905000000000001,-2.495000000000001,-1.5650000000000013
133,21.87,20.3475,20.7575,21.6875,21.7775,-1.5225000000000009,-1.1125000000000007,-0.182500000000001,-0.09250000000000114
134,20.3475,20.7575,21.6875,21.7775,22.3225,0.41000000000000014,1.3399999999999999,1.4299999999999997,1.9750000000000014
135,20.7575,21.6875,21.7775,22.3225,22.885,0.9299999999999997,1.0199999999999996,1.5650000000000013,2.1275000000000013
136,21.6875,21.7775,22.3225,22.885,23.1725,0.08999999999999986,0.6350000000000016,1.1975000000000016,1.4849999999999994
137,21.7775,22.3225,22.885,23.1725,23.655,0.5450000000000017,1.1075000000000017,1.3949999999999996,1.8775000000000013
138,22.3225,22.885,23.1725,23.655,23.4575,0.5625,0.8499999999999979,1.3324999999999996,1.134999999999998
139,22.77,22.30125,22.3925,22.9525,22.856250000000003,-0.46875,-0.3775000000000013,0.182500000000001,0.08625000000000327
140,22.30125,22.3925,22.9525,22.856250000000003,22.865,0.09124999999999872,0.651250000000001,0.5550000000000033,0.5637499999999989
141,22.3925,22.9525,22.856250000000003,22.865,22.8475,0.5600000000000023,0.46375000000000455,0.47250000000000014,0.45500000000000185
142,22.765,22.665,22.6525,22.7325,22.37125,-0.10000000000000142,-0.11250000000000071,-0.03249999999999886,-0.3937500000000007
143,22.665,22.6525,22.7325,22.37125,21.87625,-0.01249999999999929,0.06750000000000256,-0.2937499999999993,-0.7887500000000003
144,22.6525,22.7325,22.37125,21.87625,22.3175,0.08000000000000185,-0.28125,-0.776250000000001,-0.33500000000000085
145,22.7325,22.37125,21.87625,22.3175,22.8675,-0.36125000000000185,-0.8562500000000028,-0.4150000000000027,0.134999999999998
146,22.37125,21.87625,22.3175,22.8675,22.8525,-0.495000000000001,-0.05375000000000085,0.49624999999999986,0.4812499999999993
147,21.87625,22.3175,22.8675,22.8525,22.8275,0.44125000000000014,0.9912500000000009,0.9762500000000003,0.9512500000000017
148,22.3175,22.8675,22.8525,22.8275,22.74,0.5500000000000007,0.5350000000000001,0.5100000000000016,0.42249999999999943
149,22.6625,22.6975,22.7525,22.85,22.8575,0.03500000000000014,0.08999999999999986,0.1875,0.19500000000000028
150,23.3275,22.795,22.7225,22.8925,22.955,-0.5324999999999989,-0.6050000000000004,-0.4350000000000023,-0.3725000000000023
151,22.795,22.7225,22.8925,22.955,23.0225,-0.07250000000000156,0.09749999999999659,0.1599999999999966,0.22749999999999915
152,22.7225,22.8925,22.955,23.0225,23.04,0.16999999999999815,0.23249999999999815,0.3000000000000007,0.317499999999999
153,22.8925,22.955,23.0225,23.04,23.250000000000004,0.0625,0.13000000000000256,0.14750000000000085,0.35750000000000526
154,22.955,23.0225,23.04,23.250000000000004,23.34,0.06750000000000256,0.08500000000000085,0.29500000000000526,0.38500000000000156
155,23.0225,23.04,23.250000000000004,23.34,23.262500000000003,0.017499999999998295,0.2275000000000027,0.317499999999999,0.240000000000002
156,23.04,23.250000000000004,23.34,23.262500000000003,23.5175,0.2100000000000044,0.3000000000000007,0.2225000000000037,0.47749999999999915
157,23.195,23.19,22.8175,22.64,22.9425,-0.004999999999999005,-0.3775000000000013,-0.5549999999999997,-0.2525000000000013
158,23.19,22.8175,22.64,22.9425,22.9375,-0.3725000000000023,-0.5500000000000007,-0.24750000000000227,-0.2525000000000013
159,22.8175,22.64,22.9425,22.9375,22.8325,-0.17749999999999844,0.125,0.120000000000001,0.015000000000000568
160,22.64,22.9425,22.9375,22.8325,22.915,0.30249999999999844,0.29749999999999943,0.192499999999999,0.2749999999999986
161,22.9425,22.9375,22.8325,22.915,22.857625,-0.004999999999999005,-0.10999999999999943,-0.027499999999999858,-0.08487500000000026
162,22.9375,22.8325,22.915,22.857625,22.735,-0.10500000000000043,-0.022500000000000853,-0.07987500000000125,-0.20250000000000057
163,22.8325,22.915,22.857625,22.735,22.9,0.08249999999999957,0.025124999999999176,-0.09750000000000014,0.067499999999999
164,22.915,22.857625,22.735,22.9,22.850375,-0.0573750000000004,-0.17999999999999972,-0.015000000000000568,-0.06462499999999949
165,22.857625,22.735,22.9,22.850375,22.595,-0.12262499999999932,0.04237499999999983,-0.0072499999999990905,-0.2626249999999999
166,22.735,22.9,22.850375,22.595,22.235000000000003,0.16499999999999915,0.11537500000000023,-0.14000000000000057,-0.49999999999999645
167,22.9,22.850375,22.595,22.235000000000003,22.145,-0.04962499999999892,-0.3049999999999997,-0.6649999999999956,-0.754999999999999
168,22.850375,22.595,22.235000000000003,22.145,22.322125,-0.2553750000000008,-0.6153749999999967,-0.7053750000000001,-0.5282499999999999
169,22.595,22.235000000000003,22.145,22.322125,22.37,-0.3599999999999959,-0.4499999999999993,-0.2728749999999991,-0.22499999999999787
170,22.235000000000003,22.145,22.322125,22.37,22.19,-0.09000000000000341,0.08712499999999679,0.134999999999998,-0.045000000000001705
171,22.145,22.322125,22.37,22.19,22.184625,0.1771250000000002,0.22500000000000142,0.045000000000001705,0.03962500000000091
172,22.322125,22.37,22.19,22.184625,22.1875,0.04787500000000122,-0.1321249999999985,-0.1374999999999993,-0.13462499999999977
173,22.37,22.19,22.184625,22.1875,21.9925,-0.17999999999999972,-0.1853750000000005,-0.182500000000001,-0.3775000000000013
174,22.19,22.184625,22.1875,21.9925,21.6775,-0.005375000000000796,-0.002500000000001279,-0.19750000000000156,-0.5125000000000028
175,22.184625,22.1875,21.9925,21.6775,21.56625,0.002874999999999517,-0.19212500000000077,-0.507125000000002,-0.6183750000000003
176,22.1875,21.9925,21.6775,21.56625,21.676225,-0.19500000000000028,-0.5100000000000016,-0.6212499999999999,-0.5112750000000013
177,21.9925,21.6775,21.56625,21.676225,21.655,-0.3150000000000013,-0.4262499999999996,-0.31627500000000097,-0.3374999999999986
178,21.6775,21.56625,21.676225,21.655,21.7425,-0.1112499999999983,-0.001274999999999693,-0.0224999999999973,0.06500000000000128
179,21.56625,21.676225,21.655,21.7425,21.802475,0.1099749999999986,0.088750000000001,0.17624999999999957,0.23622500000000102
180,21.676225,21.655,21.7425,21.802475,21.865,-0.021224999999997607,0.06627500000000097,0.12625000000000242,0.1887749999999997
181,21.655,21.7425,21.802475,21.865,21.94,0.08749999999999858,0.14747500000000002,0.2099999999999973,0.28500000000000014
182,21.7425,21.802475,21.865,21.94,21.8753,0.059975000000001444,0.12249999999999872,0.19750000000000156,0.13279999999999959
183,21.802475,21.865,21.94,21.8753,21.910200000000003,0.06252499999999728,0.13752500000000012,0.07282499999999814,0.10772500000000207
184,21.865,21.94,21.8753,21.910200000000003,21.9125,0.07500000000000284,0.010300000000000864,0.04520000000000479,0.047500000000002984
185,21.8753,21.910200000000003,21.9125,21.995,21.877125,0.03490000000000393,0.03720000000000212,0.1197000000000017,0.0018250000000001876
186,21.877125,21.965,22.1325,22.3025,22.404625000000003,0.08787500000000037,0.2553750000000008,0.42537499999999895,0.5275000000000034
187,22.0725,21.6215,21.365,21.2375,20.8925,-0.4510000000000005,-0.7075000000000031,-0.8350000000000009,-1.1800000000000033
188,21.6215,21.365,21.2375,20.8925,20.5525,-0.2565000000000026,-0.38400000000000034,-0.7290000000000028,-1.0690000000000026
189,21.365,21.2375,20.8925,20.5525,20.6825,-0.12749999999999773,-0.47250000000000014,-0.8125,-0.6824999999999974
190,21.2375,20.8925,20.5525,20.6825,20.845,-0.3450000000000024,-0.6850000000000023,-0.5549999999999997,-0.39250000000000185
191,20.8925,20.5525,20.6825,20.845,20.9525,-0.33999999999999986,-0.2099999999999973,-0.04749999999999943,0.060000000000002274
192,20.5525,20.6825,20.845,20.9525,21.165,0.13000000000000256,0.2925000000000004,0.40000000000000213,0.6125000000000007
193,20.6825,20.845,20.9525,21.165,21.161225,0.16249999999999787,0.2699999999999996,0.48249999999999815,0.47872500000000073
194,20.845,20.9525,21.165,21.161225,21.273775,0.1075000000000017,0.3200000000000003,0.31622500000000286,0.4287750000000017
195,20.9525,21.165,21.161225,21.273775,21.29,0.21249999999999858,0.20872500000000116,0.321275,0.3374999999999986
196,21.165,21.161225,21.273775,21.29,21.26,-0.0037749999999974193,0.1087750000000014,0.125,0.09500000000000242
197,21.161225,21.273775,21.29,21.26,21.20495,0.11254999999999882,0.12877499999999742,0.09877499999999984,0.04372499999999846
198,21.20495,21.005375,20.8225,20.893,21.1875,-0.1995749999999994,-0.3824499999999986,-0.3119499999999995,-0.017450000000000188
199,21.005375,20.8225,20.893,21.1875,21.5625,-0.18287499999999923,-0.11237500000000011,0.1821249999999992,0.5571249999999992
200,20.8225,20.893,21.1875,21.5625,21.71,0.07049999999999912,0.36499999999999844,0.7399999999999984,0.8874999999999993
201,20.893,21.1875,21.5625,21.71,21.6,0.2944999999999993,0.6694999999999993,0.8170000000000002,0.7070000000000007
202,21.42,21.604975,21.649425,21.48,21.385375,0.1849749999999979,0.2294249999999991,0.05999999999999872,-0.034625000000001904
203,21.604975,21.649425,21.48,21.385375,21.3475,0.04445000000000121,-0.12497499999999917,-0.2195999999999998,-0.25747499999999945
204,21.649425,21.48,21.385375,21.3475,21.0425,-0.16942500000000038,-0.264050000000001,-0.30192500000000067,-0.6069250000000004
205,21.48,21.385375,21.3475,21.0425,20.777500000000003,-0.09462500000000063,-0.13250000000000028,-0.4375,-0.702499999999997
206,21.385375,21.3475,21.0425,20.777500000000003,20.71,-0.03787499999999966,-0.3428749999999994,-0.6078749999999964,-0.675374999999999
207,21.3475,21.0425,20.777500000000003,20.71,20.8575,-0.3049999999999997,-0.5699999999999967,-0.6374999999999993,-0.48999999999999844
208,21.0425,20.777500000000003,20.71,20.8575,20.8675,-0.264999999999997,-0.3324999999999996,-0.18499999999999872,-0.1750000000000007
209,20.777500000000003,20.71,20.8575,20.8675,20.695,-0.06750000000000256,0.0799999999999983,0.0899999999999963,-0.08250000000000313
210,20.71,20.8575,20.8675,20.695,20.51,0.14750000000000085,0.15749999999999886,-0.015000000000000568,-0.1999999999999993
211,20.8575,20.8675,20.695,20.51,20.81249952316284,0.00999999999999801,-0.16250000000000142,-0.34750000000000014,-0.04500047683716346
212,20.8675,20.695,20.51,20.81249952316284,20.93300008773804,-0.17249999999999943,-0.35749999999999815,-0.05500047683716147,0.06550008773804095
213,20.695,20.51,20.81249952316284,20.93300008773804,20.897500038146973,-0.18499999999999872,0.11749952316283796,0.23800008773804038,0.20250003814697237
214,20.51,20.81249952316284,20.93300008773804,20.897500038146973,20.679749965667725,0.3024995231628367,0.4230000877380391,0.3875000381469711,0.16974996566772305
215,20.81249952316284,20.93300008773804,20.897500038146973,20.679749965667725,20.34975004196167,0.12050056457520242,0.08500051498413441,-0.13274955749511363,-0.4627494812011683
216,20.93300008773804,20.897500038146973,20.679749965667725,20.34975004196167,20.200375080108643,-0.035500049591068006,-0.25325012207031605,-0.5832500457763707,-0.7326250076293981
217,20.897500038146973,20.679749965667725,20.34975004196167,20.200375080108643,20.189525604248047,-0.21775007247924805,-0.5477499961853027,-0.6971249580383301,-0.7079744338989258
218,20.679749965667725,20.34975004196167,20.200375080108643,20.189525604248047,20.24462509155273,-0.3299999237060547,-0.47937488555908203,-0.49022436141967773,-0.4351248741149938
219,20.34975004196167,20.200375080108643,20.189525604248047,20.24462509155273,20.782525062561035,-0.14937496185302734,-0.16022443771362305,-0.1051249504089391,0.43277502059936523
220,20.200375080108643,20.189525604248047,20.24462509155273,20.782525062561035,21.38999938964844,-0.010849475860595703,0.044250011444088244,0.5821499824523926,1.1896243095397985
221,20.189525604248047,20.24462509155273,20.782525062561035,21.38999938964844,21.7947998046875,0.05509948730468395,0.5929994583129883,1.2004737854003942,1.6052742004394531
222,20.24462509155273,20.782525062561035,21.38999938964844,21.7947998046875,22.085999965667725,0.5378999710083043,1.1453742980957102,1.5501747131347692,1.8413748741149938
223,21.512499809265137,22.069875240325928,22.473774909973145,22.25772476196289,22.07962465286255,0.557375431060791,0.9612751007080078,0.7452249526977539,0.5671248435974121
224,21.962149620056152,22.113749980926517,22.14292526245117,22.04649972915649,22.05247449874878,0.15160036087036488,0.18077564239501598,0.08435010910033824,0.09032487869262695
225,21.93502426147461,21.684849739074707,21.52579975128174,21.53250026702881,21.467525005340576,-0.25017452239990234,-0.4092245101928711,-0.4025239944458008,-0.4674992561340332
226,21.684849739074707,21.52579975128174,21.53250026702881,21.467525005340576,21.18212509155273,-0.15904998779296875,-0.15234947204589844,-0.21732473373413086,-0.5027246475219762
227,21.52579975128174,21.53250026702881,21.467525005340576,21.18212509155273,20.72000026702881,0.0067005157470703125,-0.05827474594116211,-0.34367465972900746,-0.8057994842529297
228,21.53250026702881,21.467525005340576,21.18212509155273,20.72000026702881,20.58252477645874,-0.06497526168823242,-0.35037517547607777,-0.8125,-0.9499754905700684
229,21.467525005340576,21.18212509155273,20.72000026702881,20.58252477645874,20.811225414276123,-0.28539991378784535,-0.7475247383117676,-0.8850002288818359,-0.6562995910644531
230,21.18212509155273,20.72000026702881,20.58252477645874,20.811225414276123,20.96250009536743,-0.46212482452392223,-0.5996003150939906,-0.3708996772766078,-0.21962499618529918
231,20.72000026702881,20.58252477645874,20.811225414276123,20.96250009536743,21.101025581359863,-0.13747549057006836,0.09122514724731445,0.24249982833862305,0.3810253143310547
232,20.58252477645874,20.811225414276123,20.96250009536743,21.101025581359863,21.055825233459476,0.2287006378173828,0.3799753189086914,0.518500804901123,0.473300457000736
233,20.811225414276123,20.96250009536743,21.101025581359863,21.055825233459476,20.799350261688232,0.1512746810913086,0.28980016708374023,0.24459981918335316,-0.011875152587890625
234,20.96250009536743,21.101025581359863,21.055825233459476,20.799350261688232,20.67867517471313,0.13852548599243164,0.09332513809204457,-0.16314983367919922,-0.2838249206543004
235,21.101025581359863,21.055825233459476,20.799350261688232,20.67867517471313,20.66474962234497,-0.04520034790038707,-0.30167531967163086,-0.42235040664673207,-0.4362759590148926
236,21.055825233459476,20.799350261688232,20.67867517471313,20.66474962234497,20.623225212097168,-0.2564749717712438,-0.377150058746345,-0.3910756111145055,-0.43260002136230824
237,20.799350261688232,20.67867517471313,20.66474962234497,20.623225212097168,20.62037467956543,-0.12067508697510121,-0.13460063934326172,-0.17612504959106445,-0.17897558212280273
238,20.67867517471313,20.66474962234497,20.623225212097168,20.62037467956543,20.63225030899048,-0.01392555236816051,-0.055449962615963244,-0.058300495147701525,-0.0464248657226527
239,20.66474962234497,20.623225212097168,20.62037467956543,20.63225030899048,20.56999969482422,-0.041524410247802734,-0.044374942779541016,-0.03249931335449219,-0.09474992752075195
240,20.623225212097168,20.62037467956543,20.63225030899048,20.56999969482422,20.532949924468998,-0.0028505325317382812,0.009025096893310547,-0.05322551727294922,-0.09027528762817028
241,20.62037467956543,20.63225030899048,20.56999969482422,20.532949924468998,20.536274909973145,0.011875629425048828,-0.05037498474121094,-0.087424755096432,-0.08409976959228516
242,20.63225030899048,20.56999969482422,20.532949924468998,20.536274909973145,20.38077545166016,-0.062250614166259766,-0.09930038452148082,-0.09597539901733398,-0.2514748573303187
243,20.56999969482422,20.532949924468998,20.536274909973145,20.38077545166016,20.3524751663208,-0.03704977035522106,-0.03372478485107422,-0.18922424316405895,-0.21752452850341797
244,20.532949924468998,20.536274909973145,20.38077545166016,20.3524751663208,20.49124956130981,0.003324985504146838,-0.1521744728088379,-0.1804747581481969,-0.04170036315918679
245,20.536274909973145,20.38077545166016,20.3524751663208,20.49124956130981,20.49097490310669,-0.15549945831298473,-0.18379974365234375,-0.04502534866333363,-0.04530000686645508
246,20.38077545166016,20.3524751663208,20.49124956130981,20.49097490310669,20.681750297546387,-0.02830028533935902,0.1104741096496511,0.11019945144652965,0.3009748458862269
247,20.3524751663208,20.49124956130981,20.49097490310669,20.681750297546387,20.780499935150143,0.13877439498901012,0.13849973678588867,0.32927513122558594,0.42802476882934215
248,20.49124956130981,20.49097490310669,20.681750297546387,20.780499935150143,20.83002519607544,-0.0002746582031214473,0.19050073623657582,0.28925037384033203,0.33877563476562855
249,20.49097490310669,20.681750297546387,20.780499935150143,20.83002519607544,21.09250020980835,0.19077539443969727,0.2895250320434535,0.33905029296875,0.6015253067016602
250,22.976250171661377,22.64247465133667,22.70467519760132,22.512775421142575,22.51212501525879,-0.33377552032470703,-0.2715749740600586,-0.4634747505188024,-0.4641251564025879
251,22.64247465133667,22.70467519760132,22.512775421142575,22.51212501525879,22.65252494812012,0.06220054626464844,-0.12969923019409535,-0.13034963607788086,0.010050296783450818
252,22.70467519760132,22.512775421142575,22.51212501525879,22.65252494812012,22.582475185394287,-0.1918997764587438,-0.1925501823425293,-0.05215024948119762,-0.12220001220703125
253,22.512775421142575,22.51212501525879,22.65252494812012,22.582475185394287,22.52952480316162,-0.0006504058837855098,0.13974952697754617,0.06969976425171254,0.01674938201904652
254,22.51212501525879,22.65252494812012,22.582475185394287,22.52952480316162,22.663249969482425,0.14039993286133168,0.07035017013549805,0.01739978790283203,0.15112495422363637
255,22.65252494812012,22.582475185394287,22.52952480316162,22.663249969482425,22.71500015258789,-0.07004976272583363,-0.12300014495849965,0.010725021362304688,0.062475204467769885
256,22.582475185394287,22.52952480316162,22.663249969482425,22.71500015258789,22.575200080871586,-0.052950382232666016,0.08077478408813832,0.13252496719360352,-0.007275104522701525
257,22.52952480316162,22.663249969482425,22.71500015258789,22.575200080871586,22.14952516555786,0.13372516632080433,0.18547534942626953,0.04567527770996449,-0.37999963760375977
258,22.663249969482425,22.71500015258789,22.575200080871586,22.14952516555786,22.160024642944336,0.0517501831054652,-0.08804988861083984,-0.5137248039245641,-0.5032253265380895
259,22.575200080871586,22.14952516555786,22.160024642944336,22.38877487182617,22.398149967193604,-0.42567491531372426,-0.41517543792724965,-0.18642520904541726,-0.17705011367798207
260,22.14952516555786,22.160024642944336,22.38877487182617,22.398149967193604,22.271175384521484,0.01049947738647461,0.239249706268307,0.2486248016357422,0.12165021896362305
261,22.160024642944336,22.38877487182617,22.398149967193604,22.271175384521484,22.30752468109131,0.22875022888183238,0.23812532424926758,0.11115074157714844,0.14750003814697266
262,22.38877487182617,22.398149967193604,22.271175384521484,22.30752468109131,22.357500076293945,0.009375095367435193,-0.11759948730468395,-0.08125019073485973,-0.03127479553222301
263,22.398149967193604,22.271175384521484,22.30752468109131,22.357500076293945,22.42187452316284,-0.12697458267211914,-0.09062528610229492,-0.0406498908996582,0.02372455596923473
264,22.271175384521484,22.30752468109131,22.357500076293945,22.42187452316284,22.399975299835205,0.03634929656982422,0.08632469177246094,0.15069913864135387,0.1287999153137207
265,22.30752468109131,22.357500076293945,22.42187452316284,22.399975299835205,22.48312520980835,0.04997539520263672,0.11434984207152965,0.09245061874389648,0.17560052871704102
266,22.357500076293945,22.42187452316284,22.399975299835205,22.48312520980835,22.46624994277954,0.06437444686889293,0.042475223541259766,0.1256251335144043,0.1087498664855957
267,22.399975299835205,22.48312520980835,22.46624994277954,22.611525535583496,22.744074821472168,0.08314990997314453,0.06627464294433594,0.21155023574829102,0.3440995216369629
268,23.0225248336792,22.931249618530277,22.992525100708008,23.09249973297119,23.227499961853027,-0.09127521514892223,-0.029999732971191406,0.06997489929199219,0.20497512817382812
269,22.931249618530277,22.992525100708008,23.09249973297119,23.227499961853027,23.381250381469727,0.06127548217773082,0.16125011444091442,0.29625034332275035,0.4500007629394496
270,22.992525100708008,23.09249973297119,23.227499961853027,23.381250381469727,23.434275150299072,0.0999746322631836,0.23497486114501953,0.38872528076171875,0.44175004959106445
271,24.56215000152588,24.15999984741211,24.12677526473999,24.265875339508057,24.375674724578857,-0.40215015411376953,-0.43537473678588867,-0.29627466201782227,-0.18647527694702148
272,24.15999984741211,24.12677526473999,24.265875339508057,24.375674724578857,24.88000011444092,-0.03322458267211914,0.10587549209594727,0.21567487716674805,0.7200002670288121
273,24.12677526473999,24.265875339508057,24.375674724578857,24.88000011444092,25.05810022354126,0.1391000747680664,0.2488994598388672,0.7532248497009313,0.9313249588012695
274,24.265875339508057,24.375674724578857,24.88000011444092,25.05810022354126,25.13444995880127,0.10979938507080078,0.6141247749328649,0.7922248840332031,0.8685746192932129
275,24.375674724578857,24.88000011444092,25.05810022354126,25.13444995880127,25.603224754333496,0.5043253898620641,0.6824254989624023,0.7587752342224121,1.2275500297546387
276,25.06999969482422,24.806274890899655,24.87249994277954,24.894299507141117,25.03250026702881,-0.2637248039245641,-0.19749975204467773,-0.17570018768310192,-0.037499427795410156
277,24.806274890899655,24.87249994277954,24.894299507141117,25.03250026702881,25.22752475738525,0.06622505187988637,0.08802461624146218,0.22622537612915394,0.4212498664855957
278,24.87249994277954,24.894299507141117,25.03250026702881,25.22752475738525,25.386374950408936,0.02179956436157582,0.16000032424926758,0.35502481460570934,0.5138750076293945
279,24.894299507141117,25.03250026702881,25.22752475738525,25.386374950408936,25.88249969482422,0.13820075988769176,0.3332252502441335,0.4920754432678187,0.9882001876831019
280,25.03250026702881,25.22752475738525,25.386374950408936,25.88249969482422,26.507524967193604,0.19502449035644176,0.35387468338012695,0.8499994277954102,1.475024700164795
281,26.97224998474121,26.518749713897705,26.277474880218502,26.47375011444092,26.09625005722046,-0.45350027084350586,-0.6947751045227086,-0.4984998703002894,-0.875999927520752
282,26.518749713897705,26.277474880218502,26.47375011444092,26.09625005722046,26.20999956130981,-0.24127483367920277,-0.04499959945678356,-0.4224996566772461,-0.3087501525878942
283,26.277474880218502,26.47375011444092,26.09625005722046,26.20999956130981,27.107500076293945,0.19627523422241921,-0.18122482299804332,-0.0674753189086914,0.830025196075443
284,26.47375011444092,26.09625005722046,26.20999956130981,27.107500076293945,27.68000030517578,-0.37750005722046254,-0.2637505531311106,0.6337499618530238,1.2062501907348597
285,26.09625005722046,26.20999956130981,27.107500076293945,27.68000030517578,29.16752529144287,0.11374950408935192,1.0112500190734863,1.5837502479553223,3.071275234222412
286,26.20999956130981,27.107500076293945,27.68000030517578,29.16752529144287,32.257500648498535,0.8975005149841344,1.4700007438659703,2.95752573013306,6.047501087188724
287,31.86197519302368,32.41250038146973,32.95002555847168,33.17507457733154,33.888999938964844,0.5505251884460449,1.088050365447998,1.3130993843078613,2.027024745941162
288,32.41250038146973,32.95002555847168,33.17507457733154,33.888999938964844,34.14169979095459,0.5375251770019531,0.7625741958618164,1.4764995574951172,1.7291994094848633
289,32.95002555847168,33.17507457733154,33.888999938964844,34.14169979095459,33.45987606048584,0.22504901885986328,0.9389743804931641,1.1916742324829102,0.5098505020141602
290,33.17507457733154,33.888999938964844,34.14169979095459,33.45987606048584,32.4900016784668,0.7139253616333008,0.9666252136230469,0.2848014831542969,-0.6850728988647461
291,33.45987606048584,32.4900016784668,32.276824951171875,33.19627571105957,34.195725440979004,-0.969874382019043,-1.1830511093139648,-0.26360034942626953,0.7358493804931641
292,32.4900016784668,32.276824951171875,33.19627571105957,34.195725440979004,34.98502445220947,-0.21317672729492188,0.7062740325927734,1.705723762512207,2.495022773742676
293,32.276824951171875,33.19627571105957,34.195725440979004,34.98502445220947,36.04102516174317,0.9194507598876953,1.918900489807129,2.7081995010375977,3.764200210571296
294,33.937100410461426,33.582499504089355,33.80500030517578,34.09752559661865,34.5424747467041,-0.3546009063720703,-0.13210010528564453,0.16042518615722656,0.6053743362426758
295,33.582499504089355,33.80500030517578,34.09752559661865,34.5424747467041,34.72897529602051,0.22250080108642578,0.5150260925292969,0.9599752426147461,1.1464757919311523
296,33.80500030517578,34.09752559661865,34.5424747467041,34.72897529602051,34.60354995727539,0.2925252914428711,0.7374744415283203,0.9239749908447266,0.7985496520996094
297,34.09752559661865,34.5424747467041,34.72897529602051,34.60354995727539,34.68002510070801,0.4449491500854492,0.6314496994018555,0.5060243606567383,0.5824995040893555
298,35.02250003814697,34.690025329589844,34.65239906311035,34.767499923706055,34.579275131225586,-0.3324747085571289,-0.3701009750366211,-0.25500011444091797,-0.4432249069213867
299,34.690025329589844,34.65239906311035,34.767499923706055,34.579275131225586,34.73867511749268,-0.03762626647949219,0.07747459411621094,-0.11075019836425781,0.04864978790283914
300,34.65239906311035,34.767499923706055,34.579275131225586,34.73867511749268,34.28892517089844,0.11510086059570312,-0.07312393188476562,0.08627605438233132,-0.36347389221191406
301,34.767499923706055,34.579275131225586,34.73867511749268,34.28892517089844,34.13759994506836,-0.18822479248046875,-0.0288248062133718,-0.4785747528076172,-0.6298999786376953
302,34.579275131225586,34.73867511749268,34.28892517089844,34.13759994506836,34.394774436950684,0.15939998626709695,-0.29034996032714844,-0.44167518615722656,-0.18450069427490234
303,34.73867511749268,34.28892517089844,34.13759994506836,34.394774436950684,34.32017421722412,-0.4497499465942454,-0.6010751724243235,-0.3439006805419993,-0.4185009002685618
304,34.28892517089844,34.13759994506836,34.394774436950684,34.32017421722412,34.07039928436279,-0.15132522583007812,0.1058492660522461,0.031249046325683594,-0.21852588653564453
305,34.13759994506836,34.394774436950684,34.32017421722412,34.07039928436279,33.578474044799805,0.2571744918823242,0.18257427215576172,-0.0672006607055664,-0.5591259002685547
306,34.394774436950684,34.32017421722412,34.07039928436279,33.578474044799805,32.96257495880127,-0.0746002197265625,-0.3243751525878906,-0.8163003921508789,-1.432199478149414
307,34.32017421722412,34.07039928436279,33.578474044799805,32.96257495880127,32.89750003814697,-0.24977493286132812,-0.7417001724243164,-1.3575992584228516,-1.4226741790771484
308,34.07039928436279,33.578474044799805,32.96257495880127,32.89750003814697,33.08547496795654,-0.4919252395629883,-1.1078243255615234,-1.1728992462158203,-0.98492431640625
309,33.578474044799805,32.96257495880127,32.89750003814697,33.08547496795654,33.190025329589844,-0.6158990859985352,-0.680974006652832,-0.4929990768432617,-0.38844871520996094
310,32.96257495880127,32.89750003814697,33.08547496795654,33.190025329589844,33.268775939941406,-0.06507492065429688,0.12290000915527344,0.22745037078857422,0.3062009811401367
311,32.89750003814697,33.08547496795654,33.190025329589844,33.268775939941406,33.052499771118164,0.1879749298095703,0.2925252914428711,0.3712759017944336,0.1549997329711914
312,33.08547496795654,33.190025329589844,33.268775939941406,33.052499771118164,33.145151138305664,0.10455036163330078,0.18330097198486328,-0.032975196838378906,0.059676170349121094
313,33.190025329589844,33.268775939941406,33.052499771118164,33.145151138305664,33.040900230407715,0.0787506103515625,-0.1375255584716797,-0.04487419128417969,-0.1491250991821289
314,33.268775939941406,33.052499771118164,33.145151138305664,33.040900230407715,31.97122430801392,-0.2162761688232422,-0.12362480163574219,-0.2278757095336914,-1.2975516319274867
315,33.052499771118164,33.145151138305664,33.040900230407715,31.97122430801392,31.13000011444092,0.0926513671875,-0.011599540710449219,-1.0812754631042445,-1.9224996566772425
316,33.145151138305664,33.040900230407715,31.97122430801392,31.13000011444092,31.35625028610229,-0.10425090789794922,-1.1739268302917445,-2.0151510238647425,-1.7889008522033727
317,33.040900230407715,31.97122430801392,31.13000011444092,31.35625028610229,32.33625030517578,-1.0696759223937953,-1.9109001159667933,-1.6846499443054235,-0.7046499252319336
318,31.97122430801392,31.13000011444092,31.35625028610229,32.33625030517578,32.820000648498535,-0.841224193572998,-0.6149740219116282,0.3650259971618617,0.8487763404846156
319,31.13000011444092,31.35625028610229,32.33625030517578,32.820000648498535,32.64002513885498,0.22625017166136985,1.2062501907348597,1.6900005340576136,1.510025024414059
320,31.35625028610229,32.33625030517578,32.820000648498535,32.64002513885498,32.702500343322754,0.9800000190734899,1.4637503623962438,1.283774852752689,1.3462500572204625
321,32.33625030517578,32.820000648498535,32.64002513885498,32.702500343322754,32.80125045776367,0.4837503433227539,0.3037748336791992,0.36625003814697266,0.4650001525878906
322,32.415000915527344,32.18622446060181,31.990525245666504,31.96137571334839,32.09837484359741,-0.2287764549255371,-0.42447566986083984,-0.4536252021789551,-0.31662607192993164
323,32.18622446060181,31.990525245666504,31.96137571334839,32.09837484359741,32.25749969482422,-0.19569921493530273,-0.22484874725341797,-0.08784961700439453,0.07127523422241211
324,31.990525245666504,31.96137571334839,32.09837484359741,32.25749969482422,32.470025062561035,-0.029149532318115234,0.1078495979309082,0.26697444915771484,0.47949981689453125
325,31.96137571334839,32.09837484359741,32.25749969482422,32.470025062561035,32.7050256729126,0.13699913024902344,0.2961239814758301,0.5086493492126465,0.743649959564209
326,32.09837484359741,32.25749969482422,32.470025062561035,32.7050256729126,32.790024757385254,0.15912485122680664,0.37165021896362305,0.6066508293151855,0.6916499137878418
327,32.25749969482422,32.470025062561035,32.7050256729126,32.790024757385254,32.75075054168701,0.2125253677368164,0.4475259780883789,0.5325250625610352,0.49325084686279297
328,32.48277473449707,32.53499984741211,32.346699714660645,32.50217533111572,32.84749984741211,0.05222511291503906,-0.13607501983642578,0.019400596618652344,0.36472511291503906
329,32.346699714660645,32.50217533111572,32.84749984741211,33.00520038604736,33.18480110168457,0.15547561645507812,0.5008001327514648,0.6585006713867188,0.8381013870239258
330,33.184200286865234,33.102524757385254,33.185025215148926,33.19999980926514,33.17385005950928,-0.08167552947998047,0.0008249282836914062,0.015799522399902344,-0.010350227355957031
331,33.102524757385254,33.185025215148926,33.19999980926514,33.17385005950928,33.02245044708252,0.08250045776367188,0.09747505187988281,0.07132530212402344,-0.08007431030273438
332,33.17385005950928,33.02245044708252,33.00999927520752,33.31832408905029,33.727524757385254,-0.1513996124267578,-0.1638507843017578,0.14447402954101562,0.5536746978759766
333,33.02245044708252,33.00999927520752,33.31832408905029,33.727524757385254,34.462249755859375,-0.012451171875,0.29587364196777344,0.7050743103027344,1.4397993087768555
334,33.00999927520752,33.31832408905029,33.727524757385254,34.462249755859375,34.62700080871582,0.30832481384277344,0.7175254821777344,1.4522504806518555,1.6170015335083008
335,35.25132465362549,34.70075035095215,34.86944961547852,35.131850242614746,35.232749938964844,-0.5505743026733398,-0.38187503814696555,-0.11947441101074219,-0.01857471466064453
336,34.70075035095215,34.86944961547852,35.131850242614746,35.232749938964844,35.17592525482178,0.1686992645263743,0.43109989166259766,0.5319995880126953,0.4751749038696289
337,34.86944961547852,35.131850242614746,35.232749938964844,35.17592525482178,34.83644962310791,0.26240062713622336,0.363300323486321,0.3064756393432546,-0.032999992370612574
338,35.131850242614746,35.232749938964844,35.17592525482178,34.83644962310791,34.952500343322754,0.10089969635009766,0.04407501220703125,-0.29540061950683594,-0.1793498992919922
339,34.83644962310791,34.952500343322754,34.98312568664551,34.62229919433594,34.54580020904541,0.11605072021484375,0.14667606353759766,-0.21415042877197266,-0.2906494140625
340,34.952500343322754,34.98312568664551,34.62229919433594,34.54580020904541,34.481550216674805,0.030625343322753906,-0.3302011489868164,-0.40670013427734375,-0.4709501266479492
341,34.98312568664551,34.62229919433594,34.54580020904541,34.481550216674805,34.47127628326416,-0.3608264923095703,-0.43732547760009766,-0.5015754699707031,-0.5118494033813477
342,34.62229919433594,34.54580020904541,34.481550216674805,34.47127628326416,34.7862491607666,-0.07649898529052734,-0.1407489776611328,-0.15102291107177734,0.16394996643066406
343,34.54580020904541,34.481550216674805,34.47127628326416,34.7862491607666,35.01874923706055,-0.06424999237060547,-0.07452392578125,0.2404489517211914,0.4729490280151367
344,34.481550216674805,34.47127628326416,34.7862491607666,35.01874923706055,34.695000648498535,-0.010273933410644531,0.3046989440917969,0.5371990203857422,0.21345043182373047
345,34.47127628326416,34.7862491607666,35.01874923706055,34.695000648498535,34.36500072479248,0.3149728775024414,0.5474729537963867,0.223724365234375,-0.10627555847167969
346,34.695000648498535,34.36500072479248,33.96247482299805,34.29502487182617,34.34749984741211,-0.3299999237060547,-0.7325258255004883,-0.3999757766723633,-0.3475008010864258
347,34.36500072479248,33.96247482299805,34.29502487182617,34.34749984741211,34.364999771118164,-0.4025259017944336,-0.0699758529663086,-0.017500877380371094,-9.5367431640625e-07
348,33.96247482299805,34.29502487182617,34.34749984741211,34.364999771118164,34.387274742126465,0.332550048828125,0.3850250244140625,0.4025249481201172,0.42479991912841797
349,34.29502487182617,34.34749984741211,34.364999771118164,34.387274742126465,34.292625427246094,0.0524749755859375,0.06997489929199219,0.09224987030029297,-0.002399444580078125
350,34.34749984741211,34.364999771118164,34.387274742126465,34.292625427246094,34.23125076293945,0.017499923706054688,0.03977489471435547,-0.054874420166015625,-0.11624908447265625
351,34.364999771118164,34.387274742126465,34.292625427246094,34.23125076293945,34.565,0.02227497100830078,-0.07237434387207031,-0.13374900817871094,0.20000022888183366
352,34.387274742126465,34.292625427246094,34.23125076293945,34.565,34.6325,-0.0946493148803711,-0.15602397918701172,0.17772525787353288,0.24522525787353544
353,34.292625427246094,34.23125076293945,34.565,34.6325,34.295,-0.061374664306640625,0.272374572753904,0.33987457275390653,0.0023745727539079553
354,34.23125076293945,34.565,34.6325,34.295,34.3175,0.3337492370605446,0.40124923706054716,0.06374923706054858,0.08624923706054943
355,34.295,34.3175,34.38,34.2775,34.1525,0.022500000000000853,0.08500000000000085,-0.017499999999998295,-0.1424999999999983
356,34.3175,34.38,34.2775,34.1525,33.912499999999994,0.0625,-0.03999999999999915,-0.16499999999999915,-0.40500000000000824
357,34.38,34.2775,34.1525,33.912499999999994,32.7525,-0.10249999999999915,-0.22749999999999915,-0.46750000000000824,-1.6275000000000048
358,34.2775,34.1525,33.912499999999994,32.7525,32.14,-0.125,-0.3650000000000091,-1.5250000000000057,-2.137500000000003
359,34.1525,33.912499999999994,32.7525,32.14,32.39,-0.2400000000000091,-1.4000000000000057,-2.012500000000003,-1.7625000000000028
360,33.912499999999994,32.7525,32.14,32.39,33.025000000000006,-1.1599999999999966,-1.7724999999999937,-1.5224999999999937,-0.8874999999999886
361,32.7525,32.14,32.39,33.025000000000006,33.4,-0.6124999999999972,-0.36249999999999716,0.27250000000000796,0.6475000000000009
362,32.14,32.39,33.025000000000006,33.4,33.19499999999999,0.25,0.8850000000000051,1.259999999999998,1.0549999999999926
363,32.39,33.025000000000006,33.4,33.19499999999999,33.105,0.6350000000000051,1.009999999999998,0.8049999999999926,0.7149999999999963
364,33.025000000000006,33.4,33.19499999999999,33.105,32.81,0.3749999999999929,0.1699999999999875,0.07999999999999119,-0.2150000000000034
365,33.4,33.19499999999999,33.105,32.81,32.4025,-0.2050000000000054,-0.2950000000000017,-0.5899999999999963,-0.9974999999999952
366,33.19499999999999,33.105,32.81,32.4025,31.0475,-0.0899999999999963,-0.3849999999999909,-0.7924999999999898,-2.1474999999999937
367,33.105,32.81,32.4025,31.0475,29.137500000000003,-0.2949999999999946,-0.7024999999999935,-2.0574999999999974,-3.967499999999994
368,32.81,32.4025,31.0475,29.137500000000003,29.12,-0.40749999999999886,-1.7625000000000028,-3.6724999999999994,-3.6900000000000013
369,32.4025,31.0475,29.137500000000003,29.12,28.45,-1.355000000000004,-3.2650000000000006,-3.2825000000000024,-3.952500000000004
370,31.0475,29.137500000000003,29.12,28.45,27.3975,-1.9099999999999966,-1.9274999999999984,-2.5975,-3.6499999999999986
371,29.137500000000003,29.12,28.45,27.3975,27.6525,-0.017500000000001847,-0.6875000000000036,-1.740000000000002,-1.485000000000003
372,29.12,28.45,27.3975,27.6525,29.2525,-0.6700000000000017,-1.7225000000000001,-1.4675000000000011,0.13250000000000028
373,28.45,27.3975,27.6525,29.2525,29.644625,-1.0524999999999984,-0.7974999999999994,0.802500000000002,1.194625000000002
374,27.3975,27.6525,29.2525,29.644625,29.8025,0.254999999999999,1.8550000000000004,2.2471250000000005,2.4049999999999976
375,27.6525,29.2525,29.644625,29.8025,29.9875,1.6000000000000014,1.9921250000000015,2.1499999999999986,2.335000000000001
376,29.2525,29.644625,29.8025,29.9875,29.98,0.39212500000000006,0.5499999999999972,0.7349999999999994,0.7274999999999991
377,29.644625,29.8025,29.9875,29.98,30.145,0.1578749999999971,0.3428749999999994,0.3353749999999991,0.5003749999999982
378,29.8025,29.9875,29.98,30.145,30.07625,0.18500000000000227,0.177500000000002,0.34250000000000114,0.27375000000000327
379,29.7975,29.7425,29.89,29.8025,29.804975,-0.054999999999999716,0.09250000000000114,0.004999999999999005,0.007474999999999454
380,29.7425,29.89,29.8025,29.804975,29.7275,0.14750000000000085,0.05999999999999872,0.06247499999999917,-0.015000000000000568
381,29.89,29.8025,29.804975,29.7275,30.835,-0.08750000000000213,-0.08502500000000168,-0.16250000000000142,0.9450000000000003
382,29.8025,29.804975,29.7275,30.835,29.53995,0.002475000000000449,-0.07499999999999929,1.0325000000000024,-0.2625499999999974
383,29.804975,29.7275,30.835,29.53995,29.3925,-0.07747499999999974,1.030025000000002,-0.26502499999999785,-0.4124750000000006
384,29.7275,30.835,29.53995,29.3925,29.42625,1.1075000000000017,-0.1875499999999981,-0.33500000000000085,-0.3012499999999996
385,29.53995,29.3925,29.42625,29.6175,29.64,-0.14745000000000275,-0.11370000000000147,0.07754999999999868,0.10004999999999953
386,29.3925,29.42625,29.6175,29.64,29.6325,0.03375000000000128,0.22500000000000142,0.24750000000000227,0.240000000000002
387,29.42625,29.6175,29.64,29.6325,29.7675,0.19125000000000014,0.213750000000001,0.2062500000000007,0.3412499999999987
388,29.6175,29.64,29.6325,29.7675,29.9175,0.022500000000000853,0.015000000000000568,0.14999999999999858,0.3000000000000007
389,29.64,29.6325,29.7675,29.9175,30.045,-0.007500000000000284,0.12749999999999773,0.27749999999999986,0.40500000000000114
390,29.6325,29.7675,29.9175,30.045,30.39,0.134999999999998,0.28500000000000014,0.4125000000000014,0.7575000000000003
391,29.865,29.739675,29.8425,29.82,29.7324,-0.12532500000000013,-0.0224999999999973,-0.04499999999999815,-0.13260000000000005
392,29.739675,29.8425,29.82,29.7324,29.71,0.10282500000000283,0.08032500000000198,-0.00727499999999992,-0.029674999999997453
393,29.8425,29.82,29.7324,29.71,29.514825,-0.022500000000000853,-0.11010000000000275,-0.13250000000000028,-0.3276750000000028
394,29.82,29.7324,29.71,29.514825,29.24,-0.0876000000000019,-0.10999999999999943,-0.305175000000002,-0.5800000000000018
395,29.7324,29.71,29.514825,29.24,29.2725,-0.022399999999997533,-0.21757500000000007,-0.49239999999999995,-0.45989999999999753
396,29.71,29.514825,29.24,29.2725,29.27,-0.19517500000000254,-0.4700000000000024,-0.4375,-0.4400000000000013
397,29.514825,29.24,29.2725,29.27,29.0075,-0.2748249999999999,-0.24232499999999746,-0.24482499999999874,-0.507324999999998
398,29.24,29.2725,29.27,29.0075,28.6875,0.032500000000002416,0.030000000000001137,-0.23249999999999815,-0.5524999999999984
399,29.2725,29.27,29.0075,28.6875,28.270000000000003,-0.002500000000001279,-0.26500000000000057,-0.5850000000000009,-1.0024999999999977
400,29.27,29.0075,28.6875,28.270000000000003,28.175,-0.2624999999999993,-0.5824999999999996,-0.9999999999999964,-1.0949999999999989
401,29.0075,28.6875,28.270000000000003,28.175,28.15,-0.3200000000000003,-0.7374999999999972,-0.8324999999999996,-0.8575000000000017
402,28.6875,28.270000000000003,28.175,28.15,28.0425,-0.4174999999999969,-0.5124999999999993,-0.5375000000000014,-0.6449999999999996
403,28.270000000000003,28.175,28.15,28.0425,27.775,-0.09500000000000242,-0.12000000000000455,-0.2275000000000027,-0.49500000000000455
404,28.175,28.15,28.0425,27.775,27.5375,-0.02500000000000213,-0.13250000000000028,-0.40000000000000213,-0.6374999999999993
405,28.15,28.0425,27.775,27.5375,27.4225,-0.10749999999999815,-0.375,-0.6124999999999972,-0.7274999999999991
406,28.0425,27.775,27.5375,27.4225,27.2,-0.26750000000000185,-0.504999999999999,-0.620000000000001,-0.8425000000000011
407,27.775,27.5375,27.4225,27.2,26.880000000000003,-0.23749999999999716,-0.35249999999999915,-0.5749999999999993,-0.894999999999996
408,27.5375,27.4225,27.2,26.880000000000003,26.905,-0.11500000000000199,-0.33750000000000213,-0.6574999999999989,-0.6325000000000003
409,27.4225,27.2,26.880000000000003,26.905,27.2975,-0.22250000000000014,-0.5424999999999969,-0.5174999999999983,-0.125
410,27.2,26.880000000000003,26.905,27.2975,27.3125,-0.31999999999999673,-0.29499999999999815,0.09750000000000014,0.11250000000000071
411,26.880000000000003,26.905,27.2975,27.3125,27.505,0.02499999999999858,0.4174999999999969,0.43249999999999744,0.6249999999999964
412,26.905,27.2975,27.3125,27.505,27.62,0.3924999999999983,0.40749999999999886,0.5999999999999979,0.7149999999999999
413,27.2975,27.3125,27.505,27.62,27.3725,0.015000000000000568,0.20749999999999957,0.32250000000000156,0.07499999999999929
414,27.3125,27.505,27.62,27.3725,27.2625,0.192499999999999,0.307500000000001,0.05999999999999872,-0.05000000000000071
415,27.505,27.62,27.3725,27.2625,26.9025,0.11500000000000199,-0.13250000000000028,-0.24249999999999972,-0.6024999999999991
416,27.3725,27.2625,26.9025,26.76,26.68,-0.10999999999999943,-0.46999999999999886,-0.6124999999999972,-0.692499999999999
417,27.2625,26.9025,26.76,26.68,26.555,-0.35999999999999943,-0.5024999999999977,-0.5824999999999996,-0.7074999999999996
418,26.9025,26.76,26.68,26.555,26.435,-0.1424999999999983,-0.22250000000000014,-0.34750000000000014,-0.46750000000000114
419,26.76,26.68,26.555,26.435,26.1125,-0.08000000000000185,-0.20500000000000185,-0.32500000000000284,-0.6475000000000009
420,26.68,26.555,26.435,26.1125,25.66,-0.125,-0.245000000000001,-0.567499999999999,-1.0199999999999996
421,26.555,26.435,26.1125,25.66,25.1775,-0.120000000000001,-0.442499999999999,-0.8949999999999996,-1.3775000000000013
422,26.435,26.1125,25.66,25.1775,24.7875,-0.322499999999998,-0.7749999999999986,-1.2575000000000003,-1.6474999999999973
423,26.1125,25.66,25.1775,24.7875,24.9725,-0.45250000000000057,-0.9350000000000023,-1.3249999999999993,-1.1400000000000006
424,25.66,25.1775,24.7875,24.9725,24.9525,-0.4825000000000017,-0.8724999999999987,-0.6875,-0.7074999999999996
425,25.1775,24.7875,24.9725,24.9525,24.9625,-0.389999999999997,-0.2049999999999983,-0.22499999999999787,-0.21499999999999986
426,24.7875,24.9725,24.9525,24.9625,24.9725,0.18499999999999872,0.16499999999999915,0.17499999999999716,0.18499999999999872
427,24.9725,24.9525,24.9625,24.9725,25.2175,-0.019999999999999574,-0.010000000000001563,0.0,0.245000000000001
428,24.9525,24.9625,24.9725,25.2175,25.54,0.00999999999999801,0.019999999999999574,0.26500000000000057,0.5874999999999986
429,24.9625,24.9725,25.2175,25.54,25.6875,0.010000000000001563,0.25500000000000256,0.5775000000000006,0.7250000000000014
430,24.9725,25.2175,25.54,25.6875,25.6525,0.245000000000001,0.567499999999999,0.7149999999999999,0.6799999999999997
431,25.2175,25.54,25.6875,25.6525,25.8675,0.322499999999998,0.46999999999999886,0.4349999999999987,0.6499999999999986
432,25.825000000000003,25.695,25.7025,25.7575,25.7575,-0.13000000000000256,-0.12250000000000227,-0.06750000000000256,-0.06750000000000256
433,25.695,25.7025,25.7575,25.7575,25.7475,0.007500000000000284,0.0625,0.0625,0.05249999999999844
434,25.7025,25.7575,25.7575,25.7475,25.865,0.054999999999999716,0.054999999999999716,0.04499999999999815,0.16249999999999787
435,25.7575,25.7575,25.7475,25.865,26.01375,0.0,-0.010000000000001563,0.10749999999999815,0.2562500000000014
436,25.7575,25.7475,25.865,26.01375,26.085,-0.010000000000001563,0.10749999999999815,0.2562500000000014,0.32750000000000057
437,25.7475,25.865,26.01375,26.085,26.1675,0.11749999999999972,0.266250000000003,0.33750000000000213,0.4200000000000017
438,29.040000000000003,28.9725,29.16,29.3025,29.2525,-0.06750000000000256,0.11999999999999744,0.26249999999999574,0.21249999999999858
439,28.9725,29.16,29.3025,29.2525,29.1975,0.1875,0.3299999999999983,0.28000000000000114,0.22500000000000142
440,29.129925,29.12,29.285000000000004,29.21,28.87,-0.009924999999999073,0.15507500000000363,0.08007500000000078,-0.2599249999999991
441,29.12,29.285000000000004,29.21,28.87,28.79,0.1650000000000027,0.08999999999999986,-0.25,-0.33000000000000185
442,28.87,28.79,28.765,28.4725,28.1625,-0.08000000000000185,-0.10500000000000043,-0.39750000000000085,-0.7074999999999996
443,28.79,28.765,28.4725,28.1625,27.99,-0.02499999999999858,-0.317499999999999,-0.6274999999999977,-0.8000000000000007
444,28.765,28.4725,28.1625,27.99,27.9575,-0.2925000000000004,-0.6024999999999991,-0.7750000000000021,-0.807500000000001
445,28.4725,28.1625,27.99,27.9575,27.85,-0.3099999999999987,-0.4825000000000017,-0.5150000000000006,-0.6224999999999987
446,28.1625,27.99,27.9575,27.85,28.00885,-0.17250000000000298,-0.20500000000000185,-0.3125,-0.1536500000000025
447,27.99,27.9575,27.85,28.00885,27.8725,-0.03249999999999886,-0.13999999999999702,0.018850000000000477,-0.11749999999999972
448,27.9575,27.85,28.00885,27.8725,27.96,-0.10749999999999815,0.05134999999999934,-0.08500000000000085,0.002500000000001279
449,27.85,28.00885,27.8725,27.96,27.92,0.1588499999999975,0.0224999999999973,0.10999999999999943,0.07000000000000028
450,28.00885,27.8725,27.96,27.92,27.94,-0.1363500000000002,-0.04884999999999806,-0.08884999999999721,-0.06884999999999764
451,27.8725,27.96,27.92,27.94,27.9625,0.08750000000000213,0.047500000000002984,0.06750000000000256,0.08999999999999986
452,27.96,27.92,27.94,27.9625,27.9525,-0.03999999999999915,-0.019999999999999574,0.0024999999999977263,-0.007500000000000284
453,27.92,27.94,27.9625,27.9525,27.9825,0.019999999999999574,0.042499999999996874,0.03249999999999886,0.0625
454,27.94,27.9625,27.9525,27.9825,28.1275,0.0224999999999973,0.01249999999999929,0.042500000000000426,0.1875
455,27.9625,27.9525,27.9825,28.1275,28.235,-0.00999999999999801,0.020000000000003126,0.1650000000000027,0.27250000000000085
456,27.9525,27.9825,28.1275,28.235,28.345,0.030000000000001137,0.1750000000000007,0.28249999999999886,0.3924999999999983
457,27.9825,28.1275,28.235,28.345,28.355000000000004,0.14499999999999957,0.2524999999999977,0.36249999999999716,0.3725000000000023
458,28.067525,27.955,27.9775,27.9925,27.935,-0.11252500000000154,-0.09002500000000069,-0.07502500000000012,-0.13252500000000111
459,27.955,27.9775,27.9925,27.935,27.8925,0.022500000000000853,0.03750000000000142,-0.019999999999999574,-0.0625
460,27.9775,27.9925,27.935,27.8925,27.9075,0.015000000000000568,-0.042500000000000426,-0.08500000000000085,-0.07000000000000028
461,27.9925,27.935,27.8925,27.9075,27.875,-0.057500000000000995,-0.10000000000000142,-0.08500000000000085,-0.11749999999999972
462,27.935,27.8925,27.9075,27.875,27.87,-0.042500000000000426,-0.027499999999999858,-0.05999999999999872,-0.06499999999999773
463,27.8925,27.9075,27.875,27.87,27.875,0.015000000000000568,-0.017499999999998295,-0.0224999999999973,-0.017499999999998295
464,27.9075,27.875,27.87,27.875,27.9,-0.03249999999999886,-0.03749999999999787,-0.03249999999999886,-0.007500000000000284
465,27.875,27.87,27.875,27.9,27.9575,-0.004999999999999005,0.0,0.02499999999999858,0.08249999999999957
466,27.87,27.875,27.9,27.9575,27.98,0.004999999999999005,0.029999999999997584,0.08749999999999858,0.10999999999999943
467,27.875,27.9,27.9575,27.98,27.955,0.02499999999999858,0.08249999999999957,0.10500000000000043,0.0799999999999983
468,27.9,27.9575,27.98,27.955,27.9125,0.057500000000000995,0.08000000000000185,0.054999999999999716,0.012500000000002842
469,27.9125,27.9075,28.0225,28.130000000000003,28.17,-0.005000000000002558,0.10999999999999943,0.21750000000000114,0.2575000000000003
470,27.9075,28.0225,28.130000000000003,28.17,28.2,0.11500000000000199,0.2225000000000037,0.26250000000000284,0.2925000000000004
